{"cameraMode":{"drawMode":0,"name":"Shaded","section":"Shading Mode"},"sceneLighting":true,"audioPlay":false,"sceneViewState":{"showFog":true,"showMaterialUpdate":false,"showSkybox":true,"showFlares":true,"showImageEffects":true,"showParticleSystems":true},"in2DMode":false,"pivot":{"x":13.610916137695313,"y":2.412248373031616,"z":86.51522827148438},"rotation":{"x":0.00780967902392149,"y":0.00029498865478672087,"z":-0.0000036009566883876689,"w":0.9999738335609436},"size":68.9732437133789,"orthographic":false}