{"cameraMode":{"drawMode":0,"name":"Shaded","section":"Shading Mode"},"sceneLighting":true,"audioPlay":false,"sceneViewState":{"showFog":true,"showMaterialUpdate":false,"showSkybox":true,"showFlares":true,"showImageEffects":true,"showParticleSystems":true},"in2DMode":false,"pivot":{"x":532.2703857421875,"y":243.13636779785157,"z":-8.102214813232422},"rotation":{"x":0.00780967902392149,"y":0.00029498865478672087,"z":-0.0000036009566883876689,"w":0.9999738335609436},"size":9.919246673583985,"orthographic":false}