{"cameraMode":{"drawMode":0,"name":"Shaded","section":"Shading Mode"},"sceneLighting":true,"audioPlay":false,"sceneViewState":{"showFog":true,"showMaterialUpdate":false,"showSkybox":true,"showFlares":true,"showImageEffects":true,"showParticleSystems":true},"in2DMode":false,"pivot":{"x":1.7484956979751588,"y":-8.36107063293457,"z":69.19926452636719},"rotation":{"x":0.049476053565740588,"y":0.011986135505139828,"z":-0.0006387265748344362,"w":0.998713493347168},"size":63.344417572021487,"orthographic":false}