{"cameraMode":{"drawMode":0,"name":"Shaded","section":"Shading Mode"},"sceneLighting":false,"audioPlay":false,"sceneViewState":{"showFog":true,"showMaterialUpdate":false,"showSkybox":false,"showFlares":true,"showImageEffects":true,"showParticleSystems":true},"in2DMode":false,"pivot":{"x":-0.42587003111839297,"y":2.040036678314209,"z":-0.15950489044189454},"rotation":{"x":0.05833710730075836,"y":-0.06733355671167374,"z":0.0038984238635748626,"w":0.9960257411003113},"size":1.7073898315429688,"orthographic":false}