{"cameraMode":{"drawMode":0,"name":"Shaded","section":"Shading Mode"},"sceneLighting":false,"audioPlay":false,"sceneViewState":{"showFog":true,"showMaterialUpdate":false,"showSkybox":false,"showFlares":true,"showImageEffects":true,"showParticleSystems":true},"in2DMode":false,"pivot":{"x":0.0,"y":1.790205478668213,"z":-0.1030227541923523},"rotation":{"x":0.05833710730075836,"y":-0.06733355671167374,"z":0.0038984238635748626,"w":0.9960257411003113},"size":1.7149901390075684,"orthographic":false}